Algorithm,Array size,Pre bench action,Randomnes,Average Cycles,Cycles per Element,Std Dev,Conditional branch instructions,Conditional branch instructions mispredicted,Total cycles,Reference clock cycles,Level 1 data cache misses,Seed 0,Seed 1,Seed 2,Seed 3,Seed 4,Seed 5,Seed 6,Seed 7,Seed 8,Seed 9
PEQS Comp        ,3,NOTHING,-1.000000,852.539978,284.179993,133.550079,4.800000,0.200000,82.480000,122.320000,1.900000,1020.900000,634.700000,751.700000,678.800000,921.000000,924.500000,1073.800000,811.800000,883.400000,824.800000
PEQS Comp        ,5,NOTHING,-1.000000,907.510010,181.501999,141.796326,5.600000,0.270000,104.140000,120.560000,2.080000,1044.500000,816.000000,997.500000,758.500000,755.800000,653.900000,978.500000,942.300000,1086.700000,1041.400000
PEQS Comp        ,7,NOTHING,-1.000000,984.010010,140.572861,83.123795,6.800000,0.250000,100.840000,126.720000,1.910000,975.800000,1065.300000,1018.300000,819.200000,1108.600000,1050.400000,880.100000,982.500000,931.500000,1008.400000
PEQS Comp        ,10,NOTHING,-1.000000,1086.319946,108.631996,102.345161,8.900000,0.360000,91.990000,101.200000,2.170000,1145.500000,1028.400000,1069.900000,1186.400000,1109.800000,1007.600000,955.500000,1208.900000,1231.300000,919.900000
PEQS Comp        ,15,NOTHING,-1.000000,1310.140015,87.342667,112.077034,15.100000,0.430000,114.060000,106.480000,2.390000,1253.900000,1275.300000,1478.700000,1398.600000,1404.100000,1156.800000,1231.500000,1443.000000,1318.900000,1140.600000
PEQS Comp        ,20,NOTHING,-1.000000,1492.859985,74.642998,98.527832,26.200000,0.670000,151.190000,143.440000,2.020000,1688.800000,1475.200000,1562.700000,1435.200000,1616.400000,1403.900000,1478.700000,1378.000000,1377.800000,1511.900000
PEQS Comp        ,25,NOTHING,-1.000000,2395.689941,95.827599,333.461090,37.600000,0.700000,242.530000,194.480000,3.550000,3172.700000,2112.000000,2178.400000,2382.800000,2145.200000,2697.900000,2041.000000,2177.700000,2623.900000,2425.300000
PEQS Comp        ,30,NOTHING,-1.000000,2604.000000,86.800003,351.624969,32.600000,0.690000,262.650000,212.960000,3.170000,2830.200000,2586.100000,2282.500000,3217.900000,3177.600000,2507.200000,2152.200000,2254.400000,2405.400000,2626.500000
PEQS Comp        ,40,NOTHING,-1.000000,3190.090088,79.752251,228.081314,49.100000,0.900000,324.720000,258.720000,2.950000,3249.100000,2930.300000,3299.900000,3113.700000,3448.300000,3209.800000,3361.800000,2650.300000,3390.500000,3247.200000
PEQS Comp        ,50,NOTHING,-1.000000,3964.790039,79.295799,249.621613,54.800000,1.070000,386.610000,270.160000,3.280000,4025.600000,3528.300000,4011.100000,4386.200000,4385.600000,3792.400000,3887.000000,3801.800000,3963.800000,3866.100000
PEQS Comp        ,100,NOTHING,-1.000000,7704.390137,77.043900,524.742798,143.800000,3.010000,837.470000,574.640000,3.350000,7759.200000,7278.500000,7424.200000,8808.800000,7981.700000,7677.100000,7123.500000,7093.100000,7523.100000,8374.700000
PEQS Comp        ,1000,NOTHING,-1.000000,77100.906250,77.100906,2918.475342,1596.000000,72.520000,7587.320000,4589.200000,9.080000,77938.700000,69032.400000,78286.000000,79071.600000,80422.600000,77381.300000,78228.300000,77266.300000,77508.700000,75873.200000
PEQS Comp        ,10000,NOTHING,-1.000000,885388.875000,88.538887,11825.365234,20148.400000,1263.190000,88378.260000,47974.080000,156.200000,869301.800000,869030.000000,882247.700000,880063.500000,893142.600000,887112.400000,905174.300000,904032.800000,880001.000000,883782.600000
PEQS Comp        ,100000,NOTHING,-1.000000,10176520.000000,101.765198,28408.771484,234697.500000,12951.433333,1016483.433333,551754.133333,4097.500000,10173868.000000,10180859.000000,10121683.333333,10155560.333333,10205368.333333,10161149.666667,10228029.666667,10170744.666667,10203104.333333,10164834.333333
PEQS Comp        ,1000000,NOTHING,-1.000000,117799728.000000,117.799728,765055.937500,2712507.300000,130328.066667,11748272.966667,6377031.466667,73732.566667,118550006.666667,118846179.333333,116794695.666667,117255982.666667,116772665.666667,117213990.666667,118829383.333333,117882835.333333,118368804.666667,117482729.666667
PEQS Comp        ,10000000,NOTHING,-1.000000,1354100736.000000,135.410080,6759167.500000,30922276.500000,1305871.866667,136229810.633333,73985043.733333,1126687.700000,1347999121.000000,1349779992.000000,1352611115.333333,1351250850.333333,1360646966.000000,1345301807.000000,1363092893.333333,1346194395.000000,1361832736.666667,1362298106.333333
