Algorithm,Array size,Pre bench action,Randomnes,Average Cycles,Cycles per Element,Std Dev,Conditional branch instructions,Conditional branch instructions per element,Conditional branch instructions mispredicted,Conditional branch instructions mispredicted per element,Total cycles,Total cycles per element,Reference clock cycles,Reference clock cycles per element,Level 1 data cache misses,Level 1 data cache misses per element,Seed 1,Runs for seed 1,Seed 2,Runs for seed 2,Seed 3,Runs for seed 3,Seed 4,Runs for seed 4,Seed 5,Runs for seed 5
PEQS                   ,5,NOTHING,-1.000000,575.971985,115.194397,58.288864,12.000000,2.400000,0.226000,0.045200,102.708000,20.541600,73.920000,14.784000,2.280000,0.456000,503.150000,100,596.730000,100,653.240000,100,613.200000,100,513.540000,100
PEQS                   ,7,NOTHING,-1.000000,628.966003,89.852287,28.244814,15.200000,2.171429,0.222000,0.031714,131.724000,18.817714,86.944000,12.420571,3.742000,0.534571,579.650000,100,616.970000,100,640.770000,100,648.820000,100,658.620000,100
PEQS                   ,10,NOTHING,-1.000000,669.291992,66.929199,55.758648,18.200000,1.820000,0.234000,0.023400,119.502000,11.950200,74.800000,7.480000,3.016000,0.301600,649.620000,100,675.090000,100,768.260000,100,655.980000,100,597.510000,100
PEQS                   ,15,NOTHING,-1.000000,761.807983,50.787197,76.014999,33.000000,2.200000,0.266000,0.017733,144.816000,9.654400,85.360000,5.690667,2.698000,0.179867,910.550000,100,719.920000,100,702.750000,100,751.740000,100,724.080000,100
PEQS                   ,20,NOTHING,-1.000000,876.573975,43.828697,23.955256,53.200000,2.660000,0.236000,0.011800,175.914000,8.795700,100.672000,5.033600,3.098000,0.154900,893.480000,100,874.720000,100,902.250000,100,832.850000,100,879.570000,100
PEQS                   ,25,NOTHING,-1.000000,1147.758057,45.910324,106.177940,61.000000,2.440000,0.360000,0.014400,260.236000,10.409440,146.080000,5.843200,3.616000,0.144640,1181.130000,100,985.220000,100,1185.650000,100,1085.610000,100,1301.180000,100
PEQS                   ,30,NOTHING,-1.000000,1268.608032,42.286934,107.015160,64.000000,2.133333,0.382000,0.012733,221.604000,7.386800,125.664000,4.188800,2.730000,0.091000,1269.260000,100,1204.290000,100,1347.640000,100,1413.830000,100,1108.020000,100
PEQS                   ,40,NOTHING,-1.000000,1423.807983,35.595200,49.432983,90.800000,2.270000,0.366000,0.009150,287.614000,7.190350,161.216000,4.030400,2.398000,0.059950,1434.660000,100,1435.750000,100,1330.890000,100,1479.670000,100,1438.070000,100
PEQS                   ,50,NOTHING,-1.000000,1800.281982,36.005638,142.806046,133.200000,2.664000,0.726000,0.014520,330.590000,6.611800,183.920000,3.678400,2.962000,0.059240,1933.970000,100,1640.140000,100,1991.200000,100,1783.150000,100,1652.950000,100
PEQS                   ,100,NOTHING,-1.000000,4285.782227,42.857822,438.901886,279.800000,2.798000,2.032000,0.020320,885.528000,8.855280,484.176000,4.841760,5.818000,0.058180,4686.800000,100,3737.950000,100,4779.230000,100,3797.290000,100,4427.640000,100
PEQS                   ,1000,NOTHING,-1.000000,42714.105469,42.714104,1504.435913,3167.000000,3.167000,57.700000,0.057700,8365.788000,8.365788,4546.608000,4.546608,3.920000,0.003920,40256.170000,100,44472.800000,100,43238.440000,100,43774.170000,100,41828.940000,100
PEQS                   ,10000,NOTHING,-1.000000,741165.500000,74.116547,6342.694824,39032.800000,3.903280,2386.971429,0.238697,147415.185714,14.741519,80023.428571,8.002343,222.514286,0.022251,733639.428571,14,746380.642857,14,738037.071429,14,750694.285714,14,737075.928571,14
PEQS                   ,100000,NOTHING,-1.000000,8562539.000000,85.625389,28756.466797,461718.800000,4.617188,24499.000000,0.244990,1716985.933333,17.169859,931984.533333,9.319845,7812.400000,0.078124,8575077.333333,3,8545608.000000,3,8592447.333333,3,8514633.333333,3,8584929.666667,3
PEQS                   ,1000000,NOTHING,-1.000000,98479440.000000,98.479439,776989.062500,5343782.000000,5.343782,252213.866667,0.252214,19796247.533333,19.796248,10745509.866667,10.745510,145579.333333,0.145579,99722849.333333,3,97599751.000000,3,97856574.000000,3,98236793.666667,3,98981237.666667,3
PEQS                   ,10000000,NOTHING,-1.000000,1125849600.000000,112.584961,4914486.000000,60461203.200000,6.046120,2452779.733333,0.245278,223776394.800000,22.377639,121656896.533333,12.165690,2130344.000000,0.213034,1122578842.333333,3,1128107171.666667,3,1126334640.000000,3,1133345152.333333,3,1118881974.000000,3
PEQS                   ,100000000,NOTHING,-1.000000,12707983360.000000,127.079834,65142108.000000,682906096.400000,6.829061,24643087.066667,0.246431,2550635574.466667,25.506356,1389604738.133333,13.896047,28205156.600000,0.282052,12649714073.666666,3,12725118209.000000,3,12793925511.666666,3,12617983577.666666,3,12753177872.333334,3
PEQS                   ,10000000,PRESORTED,0.000000,10068211.000000,1.006821,22109.564453,62521.400000,0.006252,2.066667,0.000000,2019070.266667,0.201907,1220953.066667,0.122095,125286.933333,0.012529,10054821.666667,3,10089185.000000,3,10035268.666667,3,10066426.000000,3,10095351.333333,3
PEQS                   ,100000000,PRESORTED,0.000000,88675560.000000,0.886756,241160.906250,625022.800000,0.006250,2.800000,0.000000,17820406.000000,0.178204,13227819.733333,0.132278,1252554.200000,0.012526,88382039.666667,3,88683015.000000,3,88525203.333333,3,88685528.000000,3,89102030.000000,3
PEQS                   ,10000000,PRESORTED,0.000010,542336576.000000,54.233658,20024316.000000,99215728.000000,9.921573,435017.866667,0.043502,110583536.266667,11.058354,60463949.333333,6.046395,1608649.266667,0.160865,573546531.666667,3,521508472.666667,3,520337456.000000,3,543372865.000000,3,552917681.333333,3
PEQS                   ,10000000,PRESORTED,0.000100,517252672.000000,51.725266,899810.812500,89067115.000000,8.906712,555894.933333,0.055589,103642767.466667,10.364277,56631097.600000,5.663110,1623188.133333,0.162319,517744331.333333,3,517004836.000000,3,515626613.333333,3,517673671.000000,3,518213837.333333,3
PEQS                   ,10000000,PRESORTED,0.001000,536006528.000000,53.600655,1045313.812500,90099646.000000,9.009965,662412.133333,0.066241,107296312.533333,10.729631,58649313.066667,5.864931,1613918.000000,0.161392,536231389.333333,3,535673821.666667,3,534240337.666667,3,537405478.666667,3,536481562.666667,3
PEQS                   ,10000000,PRESORTED,0.005000,646951616.000000,64.695160,1489848.250000,100465933.400000,10.046593,1127099.733333,0.112710,129241040.133333,12.924104,70581033.600000,7.058103,1716590.333333,0.171659,644475839.000000,3,648702993.333333,3,647324699.000000,3,648049394.333333,3,646205200.666667,3
PEQS                   ,10000000,PRESORTED,0.010000,676006784.000000,67.600677,1018727.625000,98298102.000000,9.829810,1449467.933333,0.144947,135167178.000000,13.516718,73809518.933333,7.380952,1776476.466667,0.177648,674660077.000000,3,675435681.666667,3,677698718.666667,3,676403526.000000,3,675835890.000000,3
PEQS                   ,10000000,PRESORTED,0.050000,972378560.000000,97.237854,112080480.000000,95667227.400000,9.566723,3339876.600000,0.333988,176828868.466667,17.682887,96405672.000000,9.640567,1998343.266667,0.199834,878169407.000000,3,1110361913.333333,3,880324329.333333,3,1108892799.000000,3,884144342.333333,3
PEQS                   ,10000000,PRESORTED,0.100000,1106691200.000000,110.669121,2165265.000000,53700931.000000,5.370093,1347218.600000,0.134722,221027693.733333,22.102769,120047458.666667,12.004746,1929045.533333,0.192905,1106472540.333333,3,1110038509.666667,3,1107969159.666667,3,1103837183.000000,3,1105138468.666667,3
PEQS                   ,10000000,PRESORTED,0.200000,1116117120.000000,111.611710,2780127.750000,55452455.800000,5.545246,1818567.866667,0.181857,223118183.933333,22.311818,121173148.800000,12.117315,2018596.866667,0.201860,1112900067.666667,3,1119597679.333333,3,1113431574.333333,3,1119065473.333333,3,1115590919.666667,3
PEQS                   ,10000000,PRESORTED,0.300000,1133438848.000000,113.343887,6690664.500000,57320443.400000,5.732044,2124036.200000,0.212404,227076216.400000,22.707622,123343123.200000,12.334312,2117625.733333,0.211763,1138258285.666667,3,1122338813.000000,3,1129942286.000000,3,1141273960.666667,3,1135381082.000000,3
PEQS                   ,10000000,PRESORTED,0.400000,1139151232.000000,113.915123,6653033.000000,57889089.800000,5.788909,2295332.600000,0.229533,226405948.866667,22.640595,122960469.866667,12.296047,2032261.866667,0.203226,1133039809.000000,3,1143249117.666667,3,1137605819.666667,3,1149831503.000000,3,1132029744.333333,3
PEQS                   ,10000000,PRESORTED,0.500000,1139814144.000000,113.981415,4605429.000000,59139813.200000,5.913981,2379810.666667,0.237981,227131105.600000,22.713111,123365187.733333,12.336519,2154428.733333,0.215443,1135014377.333333,3,1140529656.333333,3,1147887391.333333,3,1139983691.666667,3,1135655528.000000,3
PEQS                   ,10000000,PRESORTED,0.600000,1142908416.000000,114.290840,8423942.000000,60170370.600000,6.017037,2432758.333333,0.243276,229770290.733333,22.977029,124808563.733333,12.480856,2114007.200000,0.211401,1156257138.000000,3,1133133516.000000,3,1137663121.666667,3,1138637108.666667,3,1148851453.666667,3
PEQS                   ,10000000,PRESORTED,0.700000,1137538048.000000,113.753807,7504542.500000,60692443.400000,6.069244,2426368.933333,0.242637,227560395.933333,22.756040,123615770.666667,12.361577,2238921.200000,0.223892,1129370026.333333,3,1129275735.666667,3,1148437366.000000,3,1142805270.000000,3,1137801979.666667,3
PEQS                   ,10000000,PRESORTED,0.800000,1133835392.000000,113.383537,5153436.000000,61010053.800000,6.101005,2454773.733333,0.245477,228191034.600000,22.819103,123945899.733333,12.394590,2192637.933333,0.219264,1136064840.333333,3,1136110501.333333,3,1126541852.666667,3,1129504579.333333,3,1140955173.000000,3
PEQS                   ,10000000,PRESORTED,0.900000,1128554624.000000,112.855461,5881982.500000,60501811.600000,6.050181,2455768.533333,0.245577,224622637.333333,22.462264,122019937.600000,12.201994,2146002.400000,0.214600,1135820981.000000,3,1124020309.666667,3,1124149663.333333,3,1135669098.000000,3,1123113186.666667,3
PEQS                   ,5,SORT_REVERSE,-1.000000,520.289978,104.057999,2.396898,13.400000,2.680000,0.200000,0.040000,104.388000,20.877600,61.600000,12.320000,1.934000,0.386800,524.180000,100,518.780000,100,517.790000,100,518.760000,100,521.940000,100
PEQS                   ,7,SORT_REVERSE,-1.000000,570.081970,81.440285,2.226112,18.600000,2.657143,0.208000,0.029714,113.214000,16.173429,67.232000,9.604571,2.310000,0.330000,569.220000,100,571.820000,100,571.630000,100,571.670000,100,566.070000,100
PEQS                   ,10,SORT_REVERSE,-1.000000,642.317993,64.231796,2.639313,29.400000,2.940000,0.218000,0.021800,129.350000,12.935000,75.680000,7.568000,2.486000,0.248600,639.030000,100,640.360000,100,642.400000,100,643.050000,100,646.750000,100
PEQS                   ,15,SORT_REVERSE,-1.000000,839.883972,55.992264,2.596148,55.400000,3.693333,0.242000,0.016133,168.446000,11.229733,95.216000,6.347733,2.220000,0.148000,834.970000,100,841.100000,100,841.470000,100,839.650000,100,842.230000,100
PEQS                   ,20,SORT_REVERSE,-1.000000,1112.530029,55.626503,4.946134,91.400000,4.570000,0.254000,0.012700,223.488000,11.174400,126.192000,6.309600,2.732000,0.136600,1105.500000,100,1114.100000,100,1117.610000,100,1108.000000,100,1117.440000,100
PEQS                   ,25,SORT_REVERSE,-1.000000,749.843994,29.993759,3.924429,17.200000,0.688000,0.250000,0.010000,150.094000,6.003760,85.360000,3.414400,3.028000,0.121120,747.640000,100,757.110000,100,745.820000,100,748.180000,100,750.470000,100
PEQS                   ,30,SORT_REVERSE,-1.000000,759.802002,25.326733,4.425776,18.400000,0.613333,0.228000,0.007600,151.950000,5.065000,89.232000,2.974400,2.844000,0.094800,758.600000,100,767.650000,100,759.070000,100,753.940000,100,759.750000,100
PEQS                   ,40,SORT_REVERSE,-1.000000,743.392029,18.584801,1.465598,18.400000,0.460000,0.222000,0.005550,148.832000,3.720800,85.712000,2.142800,2.762000,0.069050,745.490000,100,741.320000,100,743.750000,100,742.240000,100,744.160000,100
PEQS                   ,50,SORT_REVERSE,-1.000000,756.705994,15.134120,2.788043,18.800000,0.376000,0.216000,0.004320,150.276000,3.005520,84.304000,1.686080,3.088000,0.061760,758.600000,100,757.700000,100,759.140000,100,756.710000,100,751.380000,100
PEQS                   ,100,SORT_REVERSE,-1.000000,861.268005,8.612680,14.440497,25.000000,0.250000,0.224000,0.002240,170.494000,1.704940,97.680000,0.976800,3.076000,0.030760,847.520000,100,859.160000,100,858.300000,100,888.890000,100,852.470000,100
PEQS                   ,1000,SORT_REVERSE,-1.000000,2219.941895,2.219942,4.151296,122.400000,0.122400,0.422000,0.000422,442.648000,0.442648,244.464000,0.244464,4.746000,0.004746,2222.260000,100,2220.310000,100,2225.670000,100,2218.230000,100,2213.240000,100
PEQS                   ,10000,SORT_REVERSE,-1.000000,16351.933594,1.635193,11.754599,1081.600000,0.108160,0.750000,0.000075,3273.604000,0.327360,1781.824000,0.178182,220.666000,0.022067,16360.970000,100,16335.340000,100,16343.270000,100,16352.070000,100,16368.020000,100
PEQS                   ,100000,SORT_REVERSE,-1.000000,161028.156250,1.610282,347.745361,10645.400000,0.106454,1.177778,0.000012,32122.552381,0.321226,17445.511111,0.174455,2481.431746,0.024814,161116.920635,63,160649.174603,63,161255.126984,63,161506.758065,62,160612.761905,63
PEQS                   ,1000000,SORT_REVERSE,-1.000000,1834568.625000,1.834569,24534.050781,106271.400000,0.106271,2.233333,0.000002,363895.600000,0.363896,197510.133333,0.197510,25007.033333,0.025007,1883147.333333,6,1825629.833333,6,1817780.666667,6,1826807.000000,6,1819478.000000,6
PEQS                   ,10000000,SORT_REVERSE,-1.000000,26576634.000000,2.657663,123795.101562,1062523.000000,0.106252,2.600000,0.000000,5343413.533333,0.534341,3330137.066667,0.333014,250504.266667,0.025050,26613761.000000,3,26409093.666667,3,26454565.000000,3,26688685.333333,3,26717067.666667,3
PEQS                   ,100000000,SORT_REVERSE,-1.000000,245121136.000000,2.451211,275416.218750,10625024.400000,0.106250,2.466667,0.000000,48951275.333333,0.489513,35484105.066667,0.354841,2505606.866667,0.025056,245603693.000000,3,245157864.333333,3,245038076.666667,3,245049638.000000,3,244756376.666667,3
PEQS                   ,10000000,END_RANDOM,0.000000,10076025.000000,1.007602,12984.572266,62521.400000,0.006252,1.866667,0.000000,2011922.533333,0.201192,1225165.333333,0.122517,125287.333333,0.012529,10097619.333333,3,10077083.333333,3,10066320.000000,3,10079490.333333,3,10059612.666667,3
PEQS                   ,10000000,END_RANDOM,0.000010,495990656.000000,49.599064,3863188.250000,89344271.600000,8.934427,419013.600000,0.041901,99399297.733333,9.939930,54412412.266667,5.441241,1616115.466667,0.161612,488808777.000000,3,499886097.333333,3,495672305.000000,3,498589543.666667,3,496996488.666667,3
PEQS                   ,10000000,END_RANDOM,0.000100,493454336.000000,49.345432,1941752.750000,86950166.600000,8.695017,558878.933333,0.055888,98480792.000000,9.848079,53885098.666667,5.388510,1606509.133333,0.160651,496119562.666667,3,493829643.666667,3,494523702.333333,3,490394778.000000,3,492403960.000000,3
PEQS                   ,10000000,END_RANDOM,0.001000,577331456.000000,57.733147,1406338.875000,98839353.800000,9.883935,743297.600000,0.074330,115743503.800000,11.574350,63188482.133333,6.318848,1660654.466667,0.166065,576467416.000000,3,577026401.333333,3,579107654.666667,3,575338149.666667,3,578717519.000000,3
PEQS                   ,10000000,END_RANDOM,0.005000,622964160.000000,62.296417,2047628.000000,96555589.800000,9.655559,1124676.600000,0.112468,124461727.933333,12.446173,68008195.200000,6.800820,1753673.733333,0.175367,623791954.666667,3,620293753.333333,3,622022661.666667,3,626403849.333333,3,622308639.666667,3
PEQS                   ,10000000,END_RANDOM,0.010000,654041792.000000,65.404182,2297573.750000,94592675.600000,9.459268,1427409.200000,0.142741,131460166.000000,13.146017,71781852.266667,7.178185,1797469.266667,0.179747,653678864.666667,3,651358941.333333,3,655987056.000000,3,651883218.666667,3,657300830.000000,3
PEQS                   ,10000000,END_RANDOM,0.050000,903312576.000000,90.331261,1663378.750000,95686567.000000,9.568657,3457398.933333,0.345740,180320112.800000,18.032011,98267669.866667,9.826767,1846198.600000,0.184620,904062567.000000,3,905429759.333333,3,904346086.666667,3,901123954.333333,3,901600564.000000,3
PEQS                   ,10000000,END_RANDOM,0.100000,1125274880.000000,112.527489,14998480.000000,53755533.400000,5.375553,1350970.533333,0.135097,224504549.533333,22.450455,121920873.066667,12.192087,1798976.600000,0.179898,1118746933.333333,3,1154765553.000000,3,1115741501.333333,3,1114597865.000000,3,1122522747.666667,3
PEQS                   ,10000000,END_RANDOM,0.200000,1143711872.000000,114.371185,12175383.000000,55873483.200000,5.587348,1826829.600000,0.182683,228380336.333333,22.838034,124049217.600000,12.404922,1918781.200000,0.191878,1165598548.000000,3,1129389468.000000,3,1136521426.000000,3,1145148074.333333,3,1141901681.666667,3
PEQS                   ,10000000,END_RANDOM,0.300000,1157468928.000000,115.746895,11114587.000000,57486492.600000,5.748649,2132845.866667,0.213285,231567251.333333,23.156725,125744748.800000,12.574475,1977046.333333,0.197705,1177274276.666667,3,1158471527.666667,3,1147089766.333333,3,1146673037.333333,3,1157836256.666667,3
PEQS                   ,10000000,END_RANDOM,0.400000,1154456704.000000,115.445671,5530128.500000,58440454.800000,5.844045,2298684.200000,0.229868,232026305.133333,23.202631,126529028.266667,12.652903,2010441.333333,0.201044,1161743396.666667,3,1152581998.000000,3,1147764775.333333,3,1150061742.666667,3,1160131525.666667,3
PEQS                   ,10000000,END_RANDOM,0.500000,1156011648.000000,115.601166,3250379.500000,59112517.400000,5.911252,2393628.466667,0.239363,230486119.600000,23.048612,125156844.266667,12.515684,2024221.800000,0.202422,1156306197.666667,3,1152209401.000000,3,1159149837.000000,3,1159962451.000000,3,1152430598.000000,3
PEQS                   ,10000000,END_RANDOM,0.600000,1151146368.000000,115.114639,5711177.000000,59807122.000000,5.980712,2443880.133333,0.244388,229447432.466667,22.944743,124582943.466667,12.458294,2082890.333333,0.208289,1161670522.333333,3,1146185915.666667,3,1152671968.000000,3,1147966046.333333,3,1147237162.333333,3
PEQS                   ,10000000,END_RANDOM,0.700000,1140708352.000000,114.070839,2957112.500000,59986332.400000,5.998633,2454981.533333,0.245498,227004971.466667,22.700497,123277434.133333,12.327743,2060819.133333,0.206082,1141695774.000000,3,1142764646.000000,3,1140859558.333333,3,1143197178.000000,3,1135024857.333333,3
PEQS                   ,10000000,END_RANDOM,0.800000,1135154944.000000,113.515495,4667029.000000,60641273.000000,6.064127,2461052.466667,0.246105,228181233.400000,22.818123,123925196.266667,12.392520,2104024.866667,0.210402,1129431756.333333,3,1139787032.333333,3,1130505429.333333,3,1135144070.666667,3,1140906167.000000,3
PEQS                   ,10000000,END_RANDOM,0.900000,1138728832.000000,113.872887,5777853.000000,61452418.400000,6.145242,2459749.000000,0.245975,229507726.933333,22.950773,125056002.133333,12.505600,2209376.000000,0.220938,1139940524.333333,3,1131705954.000000,3,1141353928.333333,3,1133105208.000000,3,1147538634.666667,3
PEQS                   ,1000,LIMIT_VALUES_1000,-1.000000,40666.503906,40.666504,1014.979126,3084.600000,3.084600,46.932000,0.046932,8286.228000,8.286228,4502.608000,4.502608,3.746000,0.003746,38737.520000,100,40911.000000,100,41552.120000,100,40700.740000,100,41431.140000,100
PEQS                   ,10000,LIMIT_VALUES_1000,-1.000000,552576.500000,55.257648,4621.303223,29676.000000,2.967600,1104.136842,0.110414,108836.684211,10.883668,59082.273684,5.908227,209.884211,0.020988,555137.842105,19,555368.894737,19,557042.500000,18,551149.842105,19,544183.421053,19
PEQS                   ,100000,LIMIT_VALUES_1000,-1.000000,4260426.500000,42.604263,76492.710938,245627.000000,2.456270,702.600000,0.007026,880973.866667,8.809739,478203.733333,4.782037,8696.466667,0.086965,4251303.666667,3,4227159.666667,3,4177820.000000,3,4240979.000000,3,4404869.333333,3
PEQS                   ,1000000,LIMIT_VALUES_1000,-1.000000,40888416.000000,40.888416,643260.500000,2339428.800000,2.339429,636.866667,0.000637,8080261.400000,8.080261,4386031.466667,4.386031,146663.733333,0.146664,41283503.000000,3,40368245.333333,3,40414264.333333,3,41974765.000000,3,40401307.000000,3
PEQS                   ,10000000,LIMIT_VALUES_1000,-1.000000,429059488.000000,42.905949,5480830.000000,23796194.400000,2.379619,976.133333,0.000098,85649094.933333,8.564909,46694430.933333,4.669443,2081184.400000,0.208118,422526828.333333,3,439004445.000000,3,426246821.000000,3,429273911.000000,3,428245474.666667,3
